Sentence,Tagged_Sentence
nak coin oii,_
Package-very thin bubble wrap,_
Kaki saiz 38 tpi tngok ukuran kena amik saiz 42,_
Tapi ingat kan dapat yg unicorn mcm dlm gambar tapi doreamon yg dapat satu je pulak tu ingatkan satu box huhuhu takpela mungkin sy salah faham,_
2 warne seakan sme,_
Selebihnya kita menggunakan khidmat pemain sedia ada dan membawa masuk empat pemain daripada TFC II bagi memantapkan lagi pasukan,_
Cari Album gambar,_
Very recommended pada yang nak pakai untuk short term,_
If u need pls rmb to request,_
Perhaps we need to hold a fundraising campaign,_
"TOKYO (Reuters) - Japan's Chief Cabinet Secretary Yoshihide Suga, a frontrunner to become next prime minister, said on Wednesday that strong economic growth is necessary to pursue fiscal reform",_
fast delivery & the packaging are so good + thank you for the free gift!,_
"Selected Tesla drivers have been beta testing the software on public roads, a practice that critics say endangers others because the software has flaws and the drivers are untrained",_
"penjual yang baik ,",_
"tq n baju agak labuh, lengan sgt lebar",_
Setakat ni xde apa2 kerosakan lg,_
"Bau mcm ok,",_
"Trusted seller 6 kali repeat beli,",_
"yg ini set empty, so x de lagi dlm isinya nnti kena beli",_
"Penghantaran cepat , packaging baik Maggie tk hancur",_
Untuk rumah yang kecil sangat2 sesuai la ye,_
Die pun suka,_
repeat lagi sbb de perubahan terbaikkk,_
The packaging of product is in order,_
the colour also match as the pic that was provided by the seller !,_
5GOODrekeman belizan,_
Charger Spoild,_
Super Pretty & easy to apply,_
sesuai untuk budak budak sebab tempat pengang dia kecik,_
It's totally worth it,_
"The item has arrived safely, it's very good, the item is as expected",_
tq seller mmg urgent nk gune,_
So easy to shop!,_
Buat hadiah utk family Day nanti,_
Tapi baru cuci sekali leher dah kembang,_
Legging untuk kakak dah sampai,_
seller n courier lambat,_
"barang diterima seperti dalam gambar, cantik dan menarik, terima kasih, rasa nk order lg",_
"Besar puas hati murah,",_
42mil a year ago,_
N semua cantik2,_
Excellent tq seller,_
delivery was a bit late since from china,_
"thumps up for the price, quality , and services",_
Saya hanya menghafal skrip tanpa benar-benar memahami maksudnya,_
"kualiti kain ok la pdan dgn harga,harga sgt murah,penghantaran sgt laju",_
Thankkksss,_
Harga berbaloi dan Mikoe suka,_
Please offer more,_
Really moisturising,_
"30 petang, sebelum mengadakan majlis resepsi di Klang, sebelah malam",_
"baju dah smpai , kain ok semua mantap",_
Yohohoho,_
"Semua okey, tak tebal sangat, tak nipis sangat",_
"Bau dia betullah sangat2 segar, rasa seuai la nama dia bay side tree",_
"Beg cantik dan bagus,",_
Just size memang besar even free size,_
And when i plug in earphone,_
$MENTION$ Palkir adobe is king,_
Terboekkkkkjkkkkk memang jadi dah lah murah seller responsive record pakai mysejahtera ye gaes,_
Performance:Quality of product was good,_
Thanks Ah Feng,_
warna dia cantikkkkk i really like it,_
"Dah smpai , Cuba dulu klau sesuai baru beli bnyak tq seller",_
i already request for box shoes but seller didnot give it,_
Verry cute lama skit nk sampai but isokay just nice to go outt,_
my 2nd time buying here,_
Repeat balik kenangan makan dekat putrajaya lepas tu gaduh2 besar tu,_
"fast delivery , the black ver is really beautiful and i gof my bias pc IT'S REALLY BEAUTIFUL I LOVE ITTTTT THANK YOU ,",_
Bought 2 pc for my daughter and me,_
Better use grab service,_
Tp aku rasa apps tu yg berat xcun,_
"Product: All good, functioning and cheap",_
Topi pun dapat warna yg saya nak,_
"Bought on 9may, shipped on 11May, received on 22th",_
Cepat n berkualiti,_
tapi ade part yg xcukop,_
thank you so muchh seller even though the liptint spilt almost half of it on the parcel,_
paperpun,_
My husband kata nanti beli 1 kotak terus eh ðŸ¤­,_
Haha btw tenkiuu,_
kain tak nipis dan sngt selesa,_
"Fast delivery good packaging, good product , cheap price repeat repeat repeat order recommended seller",_
Terima face mask terus tunjuk anak,_
Ambik masa seminggu nak sampai,_
"Semuanyaaaa terbaikkkk lahhhhh,",_
A bit nipis tapi okay la dengan harga,_
"BRNG DAH SAMPAI , NASEB SMPAI AWAL SBB MMNG PERLU SNGD II MEKASIHHHH",_
"The longest election was that of Giovanni Leone in 1971, who became head of state at the 23rd ballot in a vote that was spread out over 16 days",_
Jgn jdi JNT sudah,_
Hairdryer ne xssuai utk aq sb aq dh biase pkai yg salon a,_
2nd time ordered from seller and very good quality product,_
tiada kebocoran dan ketumpahan,_
Your delivery is so convincing that I can't wait to try them and I'm never disappointed,_
"Sgt senyap,",_
barang sampai dengan selamat tapi belum cube lagi di jaln,_
The was so awesome,_
"Arghhhhhh so beautiful beli masa 18 sen haritu , Suka sngat dh la dpat murah , Suka sngat ii nnti boleh beli lagi",_
Parcel delivered in good condition and measurement accurate,_
RINGLIGHT BEST ADA 3 WARNA BOLEH TUKAR,_
